"id";"severity";"category";"status";"location";"evidence";"reproduction";"expected";"observed";"impact";"recommendation";"confidence"
"AUD-001";"ALTO";"PRIVACY";"CONFIRMADO (riesgo aceptado por decisión documentada)";"GitHub tomgc/slep_simce_adecuado commit 61c3b9b; decisiones/20260622_decision_cumplimiento_ley_21719.md:83-98";"E13: get_commit 61c3b9b muestra 20_insumos/auxiliares/directorio_oficial_ee.csv 'added' (16.769 líneas); la decisión declara 946 MRUN recuperables";"Consultar el commit 61c3b9b en el repositorio público (solo metadatos)";"Que Git no contenga versiones históricas del directorio con MRUN";"El CSV con MRUN sigue en el historial público; .gitignore solo impide nuevas versiones";"Dato personal (Ley 21.719) recuperable por cualquiera que clone el repositorio público";"Decisión del equipo: reescribir el historial (filter-repo/BFG) o documentar formalmente la aceptación del riesgo ante el encargado de datos; no lo resuelve esta auditoría";"Alta"
"AUD-002";"ALTO";"REPRODUCIBILITY";"CONFIRMADO";"30_construir_auxiliares.R:145-156; 31_leer_normalizar.R:56-75; .gitignore:44; README.md:88";"E1, E2, E6: el build no corre desde el repositorio; el directorio no tiene URL, versión, fecha de corte ni hash registrados en documentos activos";"Clonar el repositorio y ejecutar Rscript 00_build.R";"Build reproducible a partir de insumos versionados o con huella verificable";"Falla en el paso 30 sin directorio_oficial_ee.csv; con otro corte del directorio cambian cod_depe2 de toda la serie, el catálogo SLEP, la comuna de los años A3 y el referente";"Las cifras por dependencia, SLEP y trayectorias no pueden reproducirse ni auditarse sin el mismo archivo exacto";"Registrar en manifiesto_insumos.md la fuente, la fecha de corte, filas y un hash (md5/sha256) del directorio usado, y verificar ese hash en el paso 30";"Alta"
"AUD-003";"ALTO";"TESTING";"CONFIRMADO";"30_procesamiento/33_verificar_motor.R:22-33";"E10: ADV01 (promedio simple), ADV02 (umbral 9), ADV07 (+5 pp a todas las cifras comunales), ADV08 (etiquetas GSE Bajo/Alto invertidas), ADV10 (GSE Alto eliminado) pasan 8/8 en la batería del motor";"Aplicar cualquiera de esas mutaciones en una copia, correr 00_build.R y 33_verificar_motor.R";"Que la batería del motor detecte errores de cálculo, filtros o etiquetas";"M1-M8 solo prueban red, marcadores, años y maquetación; ninguna prueba coteja una cifra";"Un error metodológico en el motor llega a producción con la batería en verde";"Agregar pruebas de datos: recálculo independiente de una muestra de cifras desde simce_rbd y desde los XLSX, con control positivo";"Alta"
"AUD-004";"MEDIO";"TESTING";"CONFIRMADO";"30_procesamiento/36_verificar_trayectorias.R:100-520";"E10: ADV01/02/07/08/10 no se detectan; ADV03, ADV04, ADV05, ADV09, ADV13 y ADV14 se detectan solo vía D10 (cotejo con el mockup congelado) o vía conteos fijos (R1, R5); ninguna prueba coteja simce_rbd.parquet con los XLSX";"Mutaciones del paso 31 en una copia + 36_verificar_trayectorias.R";"Pruebas que verifiquen los pasos 31-32 contra los insumos originales";"La batería toma el parquet como verdad; D1-D8 recalculan desde el mismo parquet; la detección depende de un snapshot y de números esperados fijos";"Errores de lectura o normalización pasan si el mockup y los conteos dejan de reflejar los datos (p. ej. al cambiar el año)";"Agregar un cotejo XLSX→simce_rbd con lector independiente y reemplazar esperados fijos por recuentos derivados";"Alta"
"AUD-005";"MEDIO";"HTML";"CONFIRMADO";"33_verificar_motor.R:65 (PATRONES_RED); 33_generar_html.R (sin autocontrol de red)";"E10 ADV06 (<link href=https://fonts.googleapis.com/...> inyectado: build OK, M1 PASA); E12: M1 no reconoce link href, fetch, XMLHttpRequest ni import()";"Inyectar un <link href=""https://...""> en 33_motor_template.html, construir y correr la batería";"Que M1 y el paso 33 detecten cualquier carga por red";"M1 solo busca src=//… y url(http; el paso 33 no tiene autocontrol (el 36 sí)";"La afirmación «sin CDN/autocontenido» puede romperse sin que nada lo detecte";"Ampliar el patrón (href, fetch, XMLHttpRequest, import, @import) y agregar al paso 33 el mismo autocontrol del paso 36";"Alta"
"AUD-006";"MEDIO";"SECURITY";"CONFIRMADO";"33_generar_html.R:413-426 (d3, pako sin hash); 44-60 (SRI solo React, ReactDOM, Babel)";"E10 ADV11: d3.min.js y pako.min.js alterados → build OK y 8/8 + 35/35; manifiesto: sha384 medidos";"Agregar texto a 10_utils/pako.min.js o d3.min.js en una copia y construir";"Verificación de integridad de todo JS incrustado";"D3 7.9.0 y pako 2.1.0 se incrustan sin verificar hash";"Un archivo vendorizado alterado o corrupto llega al HTML publicado";"Agregar sha384 de d3.min.js y pako.min.js a VENDOR_JS";"Alta"
"AUD-007";"MEDIO";"TRAJECTORIES";"CONFIRMADO (latente hasta datos de la ola 2027)";"36_funciones_trayectorias.R:425-436; 31_leer_normalizar.R:72-75,379; 36_verificar_trayectorias.R:707-712,843-902";"E14: R3 cambia cod_depe2 solo en las filas del año sintético; el pipeline asigna una sola dependencia vigente por RBD a todos los años";"Leer R3 y el paso 31: cod_depe2 = mapa_rbd_depe2[rbd] para todas las filas";"Que el referente «pierda cada ola en el año en que se traspasa» (decisión D35-1)";"Con un directorio posterior al traspaso, los RBD traspasados pasan a depe 5 y al catálogo SLEP en todos los años: el referente se reescribe hacia atrás; R3 aprueba un escenario que el pipeline no produce";"Cuando lleguen datos 2027, la serie histórica del referente cambiará retroactivamente y la batería no lo advertirá";"Decidir la semántica (anclaje fijo vs dependencia por año) y alinear R3 con lo que produce el pipeline real";"Media-alta"
"AUD-008";"MEDIO";"INPUT";"CONFIRMADO";"31_leer_normalizar.R:254 (marca = as.character(...)); 10_utils.R:69 (is.na(marca))";"E3: 14.517 celdas marca como cadena vacía en 2m/2018, 2m/2024 mate y 2m/2025 (openxlsx); readxl las convierte en NA; E8 B3: '' se excluye";"Leer esos XLSX con otro lector (openxlsx) o con readxl::read_excel(na = character())";"Normalización explícita de cadenas vacías antes del filtro de marca";"El filtro depende del comportamiento por defecto de readxl; con otro lector se excluirían 14.253 filas válidas";"Cambio de lector o de versión podría eliminar en silencio cerca de 10% de las filas válidas";"Normalizar trimws(marca) == '' a NA en extraer_prueba()";"Alta"
"AUD-009";"MEDIO";"GRANULARITY";"CONFIRMADO";"31_leer_normalizar.R:418-456; 32_agregar_comunal.R:116-155; 10_utils.R:65-71";"E10 ADV05: 50 filas duplicadas en 4b/2025 → build OK (solo warning); ADV15: catálogo SLEP duplicado (4.674 filas) sin aviso; E8 B6: palu 150, -10 e Inf aceptados";"Duplicar filas o insertar valores fuera de rango en una copia y construir";"Que el build se detenga ante duplicados de clave, palu fuera de [0,100], nalu negativo o comuna NA";"Las validaciones de 31 y 32 son warning(); no hay validación de rango";"Datos anómalos de una base nueva pueden llegar al producto";"Convertir en stop() las validaciones de clave única y agregar validaciones de rango";"Alta"
"AUD-010";"MEDIO";"CALCULATION";"CONFIRMADO (latente: 0 filas afectadas hoy)";"10_utils.R:80-85";"E8 B4: con una fila ele NA, pct_elemental = 15 en vez de 30; E3: hoy 0 filas con ade publicado y ele/ins NA";"Caso sintético B4 con agregar_ponderado()";"Denominador de cada nivel = evaluados de las filas con ese nivel publicado";"El denominador de ele/ins incluye filas con ele/ins NA (na.rm solo en el numerador)";"Si una base futura publica ade sin desglose, Elemental e Insuficiente quedan subestimados (mkPunto lo enmascara al reescalar)";"Usar sum(nalu[!is.na(x)]) como denominador por nivel o excluir la fila";"Alta"
"AUD-011";"MEDIO";"SLEP";"CONFIRMADO";"33_motor_template.html:2042-2047,4310-4323,4133; 36_trayectorias_template.html:441-447,672";"E11/E12: vista por defecto del motor muestra «previo al traspaso» pero no «no son atribuibles»; en trayectorias la frase «no mide el efecto del traspaso» está solo en el modal de notas (hidden por defecto)";"Abrir docs/index.html y docs/trayectorias.html y leer el texto visible sin interacción";"Advertencia de no atribución visible donde se muestran cifras históricas de SLEP";"La advertencia completa vive en el modal del motor, el panorama y las notas de trayectorias; el corte pre/post traspaso solo se marca en la sparkline; el filtro Municipal (también retroactivo) no tiene advertencia";"Una lectura rápida puede atribuir a la gestión SLEP resultados previos al traspaso";"Decisión del equipo: evaluar texto visible por defecto en ambas vistas";"Media"
"AUD-012";"MEDIO";"SUSTAINABILITY";"CONFIRMADO";"30:47 (ANIO_DATOS_VIGENTE), 30:259, 36_funciones:120-136, plantilla motor 2644-2645, plantilla trayectorias 453 y 1028-1030, 36_verificar:532,704-706; manifiesto_insumos.md:93";"E2, E14: un año nuevo exige editar constantes y textos; manifiesto afirma «sin editar código»; E10 ADV12: un año 2026 falso (copia de 2025) entra sin aviso";"Simular actualización: agregar simce*2026* y nuevo directorio";"Actualización anual con solo nuevos insumos o procedimiento documentado de edición";"Doble fuente de verdad ANIO_DATOS_VIGENTE (R) vs ANIO_DATOS_MAX (JS); literales 2018/2022 de la laguna; esperados fijos de la batería";"Riesgo de olvidar un paso y publicar catálogos SLEP o textos desalineados";"Documentar el procedimiento anual paso a paso y derivar los literales de ANIOS_SIN_SIMCE y del directorio";"Alta"
"AUD-013";"MEDIO";"METHODOLOGY";"CONFIRMADO";"30_procesamiento/34_historico_pct_adecuado_costa_central.R:88-89; 40_salidas/historico_pct_adecuado_costa_central.xlsx";"E14: incluye filas con nalu<10 y los tres niveles en 0 (celdas suprimidas): 4b lect 2023 30,5 vs 32,7; 4b lect 2024 34,4 vs 36,3; máx 2,2 pp";"Correr el paso 34 en una copia y recalcular con la regla del motor";"Excluir celdas suprimidas (no son 0% Adecuado), como declara el propio motor";"Las celdas suprimidas cuentan como estudiantes con 0% Adecuado; el paso no lo ejecuta 00_build.R y su salida está versionada";"Cifras internas de Costa Central subestimadas hasta 2,2 pp en 2023-2024";"Excluir filas con suma de niveles 0 o nalu<10, o marcar el archivo como obsoleto";"Alta"
"AUD-014";"MEDIO";"UI";"CONFIRMADO";"33_motor_template.html:3216-3240 (exportarCSV), 1550-1580, 1996-2017 (contarEstablecimientos)";"E14: para una entidad establecimiento, exportarCSV recorre los 5 GSE y generateSeriesByEstab ignora el GSE; contarEstablecimientos filtra por comuna+depe";"Agregar un establecimiento al tablero y exportar CSV";"Una serie por establecimiento con su GSE de cada año; conteo = 1";"El CSV trae 5 series idénticas rotuladas con 5 GSE distintos; el conteo cuenta todos los establecimientos de la comuna con esa dependencia";"Exportación engañosa para usuarios que trabajan el CSV";"Exportar la serie del establecimiento una vez con su cod_grupo por año; contar 1";"Alta (lectura de código; no ejecutado en navegador)"
"AUD-015";"BAJO";"UI";"CONFIRMADO";"36_trayectorias_template.html:680-681,700-708,1126-1131,1188";"E14: el tooltip lee dataset.ade/ins/n, que durante la animación guardan valores interpolados (lerp) y stop() no reinicia S.t";"Pausar la animación entre dos años y pasar el cursor sobre una burbuja";"Tooltip con cifras publicadas del año rotulado";"Puede mostrar cifras interpoladas (no publicadas) con el rótulo de un año real";"Cifra visible que no existe en los datos";"Mostrar en el tooltip los valores del año más cercano, no el estado interpolado";"Media (lectura de código)"
"AUD-016";"MEDIO";"TEMPORAL";"CONFIRMADO (latente: hoy no hay años preliminares)";"36_funciones_trayectorias.R; 36_generar_trayectorias.R; 36_trayectorias_template.html; referencia_glosas_simce.md:104-110";"E14: grep -ci prelim = 0 en los tres archivos del paso 36; el motor sí marca PRELIMINAR_YEARS";"Agregar un simce*2026_rbd_preliminar.xlsx en una copia y construir";"Que toda visualización indique el carácter preliminar (regla R3)";"La vista de trayectorias no recibe ni muestra la condición preliminar";"Un año preliminar se mostraría como definitivo en trayectorias";"Pasar anios_preliminar a DATA y marcarlo en la vista";"Alta"
"AUD-017";"BAJO";"REPRODUCIBILITY";"CONFIRMADO";"33_generar_html.R:203 (fecha_generacion), 251-253 (round(.,2))";"E6: docs/index.html ≠ rebuild solo por fecha_generacion y 26 celdas del JSON que difieren en 0,01 entre entornos (empates de redondeo); trayectorias idéntico byte a byte";"Reconstruir en otro entorno o en otro día y comparar sha256";"Salida analíticamente idéntica y, de preferencia, bit a bit";"Motor no comparable por hash entre días; ±0,01 en el JSON entre versiones de R/paquetes";"Impide verificar publicación por hash; impacto analítico despreciable (<0,01 pp en el JSON)";"Tomar la fecha de los insumos o de un parámetro; redondear con regla entera como la vista";"Alta"
"AUD-018";"BAJO";"DOCUMENTATION";"CONFIRMADO";"README.md:151-153; 36_trayectorias_template.html:480; plantilla motor 1457; 36_funciones:254-256";"E5: hoy las bases de ambas vistas coinciden (140.345 filas); diferencias de regla: tres niveles y suma [99,101], cod_grupo NA y redondeo flotante vs entero";"Comparar las reglas en código";"Que «misma fórmula y mismos filtros» sea literal o declare las diferencias";"Las reglas difieren; hoy no cambian el universo; pueden producir ±0,1 entre vistas";"Interpretación de igualdad exacta entre vistas no garantizada a futuro";"Declarar las tres diferencias en README y en las notas";"Alta"
"AUD-019";"BAJO";"GSE";"CONFIRMADO (latente: 0 filas afectadas hoy)";"33_motor_template.html:1626-1700 (generateSeriesGseCombinado, filaSuprimida); 32_agregar_comunal.R:94-95";"E5: 0 filas con cod_grupo NA o suma 0 en la base filtrada; lectura de código: SLEP/estab usan simce_rbd (no excluye cod_grupo NA) y comuna/región/nacional usan datos (lo excluye); filaSuprimida solo en el combinado";"Lectura de código";"Un solo universo para el GSE combinado";"Dos universos según el tipo de territorio";"Diferencias futuras entre un SLEP y la suma de sus comunas si aparecen filas sin GSE";"Excluir cod_grupo NA también en simce_rbd del JSON o documentarlo";"Alta"
"AUD-020";"BAJO";"PORTABILITY";"CONFIRMADO";"10_utils/10_validar_portabilidad.R (.vp_extensiones, .vp_patrones, .vp_check)";"E9: autotest SI; siembra propia: detecta 5 de 7 (no normalizePath, no /home/..., no HTML); columna detalle muestra texto de falla con estado OK; sin ejecución en macOS/Windows";"validar_portabilidad() con siembras en una copia";"Validador que detecte violaciones en todo archivo ejecutable y un informe legible";"No escanea HTML/JS; detalle engañoso; contrato cross-OS no medido en esta auditoría";"Falsa sensación de cobertura; mensajes que confunden";"Imprimir detalle solo en FALLA/ADVERTENCIA; incluir .html/.js en el escaneo; correr en Windows";"Alta"
"AUD-021";"INFORMACIONAL";"REPRODUCIBILITY";"NO EVALUABLE (restore)";"renv.lock; .Rprofile; renv/activate.R";"E1: el arranque del proyecto intenta descargar renv 1.1.4 desde CRAN; restore no ejecutable sin acceso a CRAN; versiones instaladas difieren del lock (manifiesto)";"Abrir R en el proyecto sin red ni renv 1.1.4 instalado";"Arranque y restore offline posibles con caché";"Arranque falla sin red";"Dependencia de red en la primera ejecución";"Documentar el requisito de red o una caché de paquetes";"Alta"
"AUD-022";"BAJO";"PUBLICATION";"CONFIRMADO";"publicacion_github_pages.md:54-99; 10_html.R:67-76; 33_fragmento_sitio.html; decisión D33-2";"E6: docs/ corresponde al commit (trayectorias idéntico; motor idéntico salvo fecha y 26×0,01); procedimiento manual, sin control que exija las baterías ni compare docs/ con 40_salidas/; en 40_salidas el menú enlaza trayectorias.html, que se escribe como trayectorias_traspasos.html";"Leer el procedimiento y abrir 40_salidas/motor_comparacion.html";"Publicación verificable por hash y navegación local funcional";"Publicación depende de disciplina manual; enlaces locales rotos";"Riesgo de publicar sin baterías o una copia desalineada";"Script de publicación que corra baterías, copie y compare hashes";"Alta"
"AUD-023";"BAJO";"DOCUMENTATION";"CONFIRMADO";"referencia_glosas_simce.md:106-110,212; NOTICE; gobernanza_datos.md:27,62,79; decisiones/20260611_decision_repo_publico.md:23; 36_funciones_trayectorias.R:56";"E14 (comandos listados)";"grep de cada afirmación";"Documentación al día";"2025 descrito como preliminar (es final); A2 como pendiente (implementada opción a); NOTICE sin Babel; gobernanza solo nombra docs/index.html; decisión dice directorio versionado; comentario «1.333» (medido 1.299)";"Lectores nuevos reciben información contradictoria";"Actualizar esos pasajes";"Alta"
"AUD-024";"BAJO";"GOVERNANCE";"CONFIRMADO";"30_construir_auxiliares.R:162-178";"E14: Q-98 valida solo la presencia de columnas; AGNO se imprime y no se compara con ANIO_DATOS_VIGENTE; dominio de COD_DEPE no validado";"Usar un directorio de otro año o con COD_DEPE fuera de 1..6";"Que el paso 30 valide el corte y los valores usados en las ramas SLEP";"Solo setdiff de nombres";"Un directorio de otro año altera en silencio el catálogo SLEP";"Validar AGNO == ANIO_DATOS_VIGENTE y el dominio de COD_DEPE/COD_DEPE2";"Alta"
"AUD-025";"INFORMACIONAL";"INPUT";"CONFIRMADO";"31_leer_normalizar.R:272-275";"E3: 0 columnas _2m_ en simce4b2018_rbd_final.xlsx";"anomalias.R";"Rama A1 necesaria";"La rama no cambia nada con el insumo versionado";"Código muerto que sugiere una anomalía inexistente";"Documentar o retirar la rama";"Alta"
"AUD-026";"INFORMACIONAL";"FILTER";"CONFIRMADO";"31_leer_normalizar.R:237 (marca_<prueba><nivel>_rbd); XLSX 2014 marca_eda_*";"E3: 0 filas con marca NA, marca_eda presente, palu publicado y nalu≥10";"anomalias / inspección 2014";"Decisión A2 sin efecto sobre filas";"Hoy sin efecto";"Ninguno hoy";"Mantener; agregar guarda si una base futura trae marca_eda";"Alta"
"AUD-027";"INFORMACIONAL";"GOVERNANCE";"CONFIRMADO";"30_construir_auxiliares.R:54-136";"E2: slep_cc_establecimientos.parquet sin consumidor en el código; rbds_esperados fijo detiene el build si cambia el anexo";"grep slep_cc_establecimientos";"Pasos sin salidas huérfanas";"Salida sin uso que exige mantener validaciones";"Mantención innecesaria";"Retirar o documentar su uso";"Alta"
"AUD-028";"INFORMACIONAL";"PRIVACY";"CONFIRMADO";"33_motor_template.html:5075";"E12: el pie arma en JS el correo institucional de una persona natural";"Leer la plantilla";"Contacto institucional genérico";"Correo nominativo";"Exposición menor de un dato de contacto personal-institucional";"Usar un buzón institucional genérico";"Alta"
"AUD-029";"INFORMACIONAL";"DEPENDENCY";"VERIFICADO (conforme a lo declarado)";"31_leer_normalizar.R:72-75,379; README.md:154-160";"E5: una sola cod_depe2 por RBD en todo el JSON; 64.937 de 140.345 filas tienen en el XLSX de su año una dependencia distinta de la vigente";"cotejo_simce_rbd.R";"Dependencia vigente aplicada a toda la serie (metodología declarada)";"Implementado así";"Interpretación: series por dependencia no son series de la dependencia histórica";"Mantener el aviso; ver AUD-011";"Alta"
"AUD-030";"INFORMACIONAL";"SUSTAINABILITY";"CONFIRMADO";"00_escanear_proyecto.R; 33_verificar_motor.R:73-81; 36_verificar_trayectorias.R:532,704-706";"E14: el escáner borra 2 snapshots versionados al correr; las baterías usan esperas fijas y esperados numéricos atados al directorio; Chromium como root falla sin --no-sandbox (las baterías lo reportan como FALLA, sin falso PASS)";"Correr escáner y baterías en una copia";"Herramientas sin efectos laterales en archivos versionados y baterías independientes del corte del directorio";"Efectos laterales y esperados fijos";"Mantención y falsos fallos al actualizar el directorio";"Documentar los efectos y derivar esperados de los datos";"Alta"
